{
    "lighting": "qmk_rgblight",
    "matrix": {
        "rows": 8,
        "cols": 6
    },
    "layouts": {
        "keymap":
        [
            [
              {
                "y": 1.5,
                "x": 3.5
              },
              "0,3",
              {
                "x": 8.65
              },
              "4,3"
            ],
            [
              {
                "x": 3.5
              },
              "1,3",
              {
                "x": 8.65
              },
              "5,3"
            ],
            [
              {
                "x": 3.5
              },
              "2,3",
              {
                "x": 8.65
              },
              "6,3"
            ],
            [
              {
                "r": 3,
                "y": -3.5,
                "x": 14.45
              },
              "4,2"
            ],
            [
              {
                "y": -0.5,
                "x": 4.8
              },
              "0,4"
            ],
            [
              {
                "y": -0.8999999999999999,
                "x": 5.8
              },
              "0,5"
            ],
            [
              {
                "y": -0.6000000000000001,
                "x": 14.45
              },
              "5,2"
            ],
            [
              {
                "y": -0.5,
                "x": 4.8
              },
              "1,4"
            ],
            [
              {
                "y": -0.8999999999999999,
                "x": 5.8
              },
              "1,5"
            ],
            [
              {
                "y": -0.6000000000000001,
                "x": 14.45
              },
              "6,2"
            ],
            [
              {
                "y": -0.5,
                "x": 4.8
              },
              "2,4"
            ],
            [
              {
                "y": -0.8999999999999999,
                "x": 5.8
              },
              "2,5"
            ],
            [
              {
                "y": 0.15000000000000036,
                "x": 12.45
              },
              "7,3"
            ],
            [
              {
                "r": 5,
                "y": -4.75,
                "x": 15.65
              },
              "4,1",
              "4,0"
            ],
            [
              {
                "x": 15.65
              },
              "5,1",
              "5,0"
            ],
            [
              {
                "x": 15.65
              },
              "6,1",
              "6,0"
            ],
            [
              {
                "y": 0.75,
                "x": 6.1
              },
              "3,4"
            ],
            [
              {
                "r": 15,
                "y": -2.25,
                "x": 8.1
              },
              "3,5"
            ],
            [
              {
                "r": -15,
                "y": 3.5500000000000007,
                "x": 7.85
              },
              "7,5"
            ],
            [
              {
                "r": -5,
                "y": -6.55
              },
              "0,0",
              "0,1"
            ],
            [
              "1,0",
              "1,1"
            ],
            [
              "2,0",
              "2,1"
            ],
            [
              {
                "y": 0.9000000000000004,
                "x": 10.4
              },
              "7,4"
            ],
            [
              {
                "r": -3,
                "y": -5.4,
                "x": 2.2
              },
              "0,2"
            ],
            [
              {
                "y": -0.5,
                "x": 11.85
              },
              "4,4"
            ],
            [
              {
                "y": -0.8999999999999999,
                "x": 10.85
              },
              "4,5"
            ],
            [
              {
                "y": -0.6000000000000001,
                "x": 2.2
              },
              "1,2"
            ],
            [
              {
                "y": -0.5,
                "x": 10.85
              },
              "5,5",
              "5,4"
            ],
            [
              {
                "y": -0.5,
                "x": 2.2
              },
              "2,2"
            ],
            [
              {
                "y": -0.5,
                "x": 10.85
              },
              "6,5",
              "6,4"
            ],
            [
              {
                "x": 4.1
              },
              "3,3"
            ]
          ]
    }
}